<?xml version='1.0' encoding='utf-8' ?>
<!DOCTYPE document SYSTEM "file:////mnt/Keep/Applications/Xilinx/14.7/ISE_DS/ISE/xc9500xl/data/xmlReport9kxl.dtd">
<document><ascFile>mux.rpt</ascFile><devFile>/mnt/Keep/Applications/Xilinx/14.7/ISE_DS/ISE/xc9500xl/data/xc9572xl.chp</devFile><mfdFile>mux.mfd</mfdFile><htmlFile logic_legend="logiclegend.htm" logo="xc9500xl_logo.jpg" pin_legend="pinlegend.htm"/><header date=" 5-11-2019" design="mux" device="XC9572XL" eqnType="1" pkg="VQ64" speed="-5" status="1" statusStr="Successful" swVersion="P.20131013" time="  8:56AM" version="1.0"/><inputs id="a26" userloc="13"/><inputs id="a27" userloc="1"/><inputs id="a21" userloc="12"/><inputs id="RW_N" userloc="58"/><inputs id="R_BTN" userloc="31"/><inputs id="ECS" userloc="18"/><inputs id="FC0" userloc="63"/><inputs id="AS" userloc="2"/><inputs id="FC1" userloc="64"/><inputs id="FC2" userloc="62"/><inputs id="a20" userloc="11"/><inputs id="a19" userloc="10"/><inputs id="SIZ0" userloc="5"/><inputs id="a0" userloc="8"/><inputs id="SIZ1" userloc="6"/><inputs id="a1" userloc="9"/><inputs id="I_IOCHRDY" userloc="38"/><inputs id="DRAM_DTACK" userloc="34"/><inputs id="a16" userloc="17"/><global_inputs id="CLK" pinnum="GCK1" use="GCK1" userloc="15"/><pin id="FB1_MC2_PIN8" pinnum="8" signal="a0" use="I"/><pin id="FB1_MC3_PIN12" pinnum="12" signal="a21" use="I"/><pin id="FB1_MC4_PIN13" pinnum="13" signal="a26" use="I"/><pin id="FB1_MC5_PIN9" pinnum="9" signal="a1" use="I"/><pin id="FB1_MC6_PIN10" pinnum="10" signal="a19" use="I"/><pin id="FB1_MC8_PIN11" pinnum="11" signal="a20" use="I"/><pin id="FB1_MC9_PIN15" pinnum="15" signal="CLK" use="GCK"/><pin id="FB1_MC10_PIN18" pinnum="18" signal="ECS" use="I"/><pin id="FB1_MC11_PIN16" pinnum="16" signal="HALT" use="O"/><pin id="FB1_MC12_PIN23" pinnum="23" signal="CDIS" use="O"/><pin id="FB1_MC14_PIN17" pinnum="17" signal="a16" use="I"/><pin id="FB1_MC15_PIN19" pinnum="19" signal="RESET" use="O"/><pin id="FB1_MC17_PIN20" pinnum="20" signal="FLOPPY" use="O"/><pin id="FB2_MC2_PIN60" pinnum="60" signal="DSACK0" use="O"/><pin id="FB2_MC3_PIN58" pinnum="58" signal="RW_N" use="I"/><pin id="FB2_MC4_PIN59" pinnum="59" signal="STERM" use="O"/><pin id="FB2_MC5_PIN61" pinnum="61" signal="DSACK1" use="O"/><pin id="FB2_MC6_PIN62" pinnum="62" signal="FC2" use="I"/><pin id="FB2_MC8_PIN63" pinnum="63" signal="FC0" use="I"/><pin id="FB2_MC9_PIN64" pinnum="64" signal="FC1" use="I"/><pin id="FB2_MC10_PIN1" pinnum="1" signal="a27" use="I"/><pin id="FB2_MC11_PIN2" pinnum="2" signal="AS" use="I"/><pin id="FB2_MC12_PIN4" pinnum="4"/><pin id="FB2_MC14_PIN5" pinnum="5" signal="SIZ0" use="I"/><pin id="FB2_MC15_PIN6" pinnum="6" signal="SIZ1" use="I"/><pin id="FB2_MC17_PIN7" pinnum="7" signal="IDE" use="O"/><pin id="FB3_MC2_PIN22" pinnum="22" signal="KBD_CS" use="O"/><pin id="FB3_MC3_PIN31" pinnum="31" signal="R_BTN" use="I"/><pin id="FB3_MC4_PIN32" pinnum="32" signal="I_IOW" use="O"/><pin id="FB3_MC5_PIN24" pinnum="24" signal="I_DIR" use="O"/><pin id="FB3_MC6_PIN34" pinnum="34" signal="DRAM_DTACK" use="I"/><pin id="FB3_MC8_PIN25" pinnum="25" signal="I_MEMW" use="O"/><pin id="FB3_MC9_PIN27" pinnum="27" signal="I_MEMR" use="O"/><pin id="FB3_MC10_PIN39" pinnum="39" signal="IO_CS" use="O"/><pin id="FB3_MC11_PIN33" pinnum="33" signal="I_IOR" use="O"/><pin id="FB3_MC12_PIN40" pinnum="40" signal="VGA_CS" use="O"/><pin id="FB3_MC14_PIN35" pinnum="35" signal="DRAM_CONFIG" use="O"/><pin id="FB3_MC15_PIN36" pinnum="36" signal="I_ALE" use="O"/><pin id="FB3_MC16_PIN42" pinnum="42" signal="DRAM_CS" use="O"/><pin id="FB3_MC17_PIN38" pinnum="38" signal="I_IOCHRDY" use="I"/><pin id="FB4_MC2_PIN43" pinnum="43" signal="ETHRNT" use="O"/><pin id="FB4_MC3_PIN46" pinnum="46" signal="RW1" use="O"/><pin id="FB4_MC4_PIN47" pinnum="47" signal="nRW0" use="O"/><pin id="FB4_MC5_PIN44" pinnum="44" signal="ROM" use="O"/><pin id="FB4_MC6_PIN49" pinnum="49" signal="BYTE3" use="O"/><pin id="FB4_MC8_PIN45" pinnum="45" signal="nRW1" use="O"/><pin id="FB4_MC10_PIN51" pinnum="51" signal="BYTE1" use="O"/><pin id="FB4_MC11_PIN48" pinnum="48" signal="RW0" use="O"/><pin id="FB4_MC12_PIN52" pinnum="52" signal="BYTE0" use="O"/><pin id="FB4_MC14_PIN50" pinnum="50" signal="BYTE2" use="O"/><pin id="FB4_MC15_PIN56" pinnum="56" signal="READ_n" use="O"/><pin id="FB4_MC17_PIN57" pinnum="57" signal="FPU" use="O"/><fblock id="FB1" inputUse="11" pinUse="12"><macrocell id="FB1_MC1"/><macrocell id="FB1_MC2" pin="FB1_MC2_PIN8"/><macrocell id="FB1_MC3" pin="FB1_MC3_PIN12"/><macrocell id="FB1_MC4" pin="FB1_MC4_PIN13"/><macrocell id="FB1_MC5" pin="FB1_MC5_PIN9"/><macrocell id="FB1_MC6" pin="FB1_MC6_PIN10"/><macrocell id="FB1_MC7"/><macrocell id="FB1_MC8" pin="FB1_MC8_PIN11"/><macrocell id="FB1_MC9" pin="FB1_MC9_PIN15"/><macrocell id="FB1_MC10" pin="FB1_MC10_PIN18"/><macrocell id="FB1_MC11" pin="FB1_MC11_PIN16" sigUse="1" signal="HALT"><pterms pt1="FB1_11_1"/></macrocell><macrocell id="FB1_MC12" pin="FB1_MC12_PIN23" sigUse="0" signal="CDIS"/><macrocell id="FB1_MC13"/><macrocell id="FB1_MC14" pin="FB1_MC14_PIN17"/><macrocell id="FB1_MC15" pin="FB1_MC15_PIN19" sigUse="1" signal="RESET"><pterms pt1="FB1_15_1"/></macrocell><macrocell id="FB1_MC16"/><macrocell id="FB1_MC17" pin="FB1_MC17_PIN20" sigUse="11" signal="FLOPPY"><pterms pt1="FB1_17_1" pt2="FB1_17_2" pt3="FB1_17_3"/></macrocell><macrocell id="FB1_MC18"/><fbinput id="FB1_I1" signal="AS"/><fbinput id="FB1_I2" signal="ECS"/><fbinput id="FB1_I3" signal="FC0"/><fbinput id="FB1_I4" signal="FC1"/><fbinput id="FB1_I5" signal="FC2"/><fbinput id="FB1_I6" signal="R_BTN"/><fbinput id="FB1_I7" signal="a19"/><fbinput id="FB1_I8" signal="a20"/><fbinput id="FB1_I9" signal="a21"/><fbinput id="FB1_I10" signal="a26"/><fbinput id="FB1_I11" signal="a27"/><pterm id="FB1_11_1"><signal id="R_BTN"/></pterm><pterm id="FB1_15_1"><signal id="R_BTN"/></pterm><pterm id="FB1_17_1"><signal id="a26" negated="ON"/><signal id="a27" negated="ON"/><signal id="a21" negated="ON"/><signal id="a20" negated="ON"/><signal id="a19"/><signal id="R_BTN"/><signal id="FC2" negated="ON"/><signal id="ECS"/><signal id="AS" negated="ON"/></pterm><pterm id="FB1_17_2"><signal id="a26" negated="ON"/><signal id="a27" negated="ON"/><signal id="a21" negated="ON"/><signal id="a20" negated="ON"/><signal id="a19"/><signal id="R_BTN"/><signal id="FC1" negated="ON"/><signal id="ECS"/><signal id="AS" negated="ON"/></pterm><pterm id="FB1_17_3"><signal id="a26" negated="ON"/><signal id="a27" negated="ON"/><signal id="a21" negated="ON"/><signal id="a20" negated="ON"/><signal id="a19"/><signal id="R_BTN"/><signal id="FC0" negated="ON"/><signal id="ECS"/><signal id="AS" negated="ON"/></pterm><equation id="HALT" userloc="16"><d2><eq_pterm ptindx="FB1_11_1"/></d2></equation><equation id="CDIS" userloc="23"><d2><eq_pterm ptindx="GND"/></d2></equation><equation id="RESET" userloc="19"><d2><eq_pterm ptindx="FB1_15_1"/></d2></equation><equation id="FLOPPY" negated="ON" userloc="20"><d2><eq_pterm ptindx="FB1_17_1"/><eq_pterm ptindx="FB1_17_2"/><eq_pterm ptindx="FB1_17_3"/></d2></equation></fblock><fblock id="FB2" inputUse="20" pinUse="12"><macrocell id="FB2_MC1"><pterms pt1="FB2_1_1" pt2="FB2_1_2" pt3="FB2_1_3" pt4="FB2_1_4" pt5="FB2_1_5"/></macrocell><macrocell id="FB2_MC2" pin="FB2_MC2_PIN60" sigUse="20" signal="DSACK0"><pterms pt1="FB2_2_1" pt2="FB2_2_2" pt3="FB2_2_3" pt4="FB2_2_4" pt5="FB2_2_5"/></macrocell><macrocell id="FB2_MC3" pin="FB2_MC3_PIN58"><pterms pt1="FB2_3_1" pt2="FB2_3_2" pt3="FB2_3_3" pt4="FB2_3_4" pt5="FB2_3_5"/></macrocell><macrocell id="FB2_MC4" pin="FB2_MC4_PIN59" sigUse="0" signal="STERM"><pterms pt1="FB2_4_1" pt2="FB2_4_2" pt3="FB2_4_3" pt4="FB2_4_4"/></macrocell><macrocell id="FB2_MC5" pin="FB2_MC5_PIN61" sigUse="18" signal="DSACK1"><pterms pt1="FB2_5_1" pt2="FB2_5_2" pt3="FB2_5_3" pt4="FB2_5_4" pt5="FB2_5_5"/></macrocell><macrocell id="FB2_MC6" pin="FB2_MC6_PIN62"><pterms pt1="FB2_6_1" pt2="FB2_6_2" pt3="FB2_6_3" pt4="FB2_6_4" pt5="FB2_6_5"/></macrocell><macrocell id="FB2_MC7"><pterms pt1="FB2_7_1" pt2="FB2_7_2"/></macrocell><macrocell id="FB2_MC8" pin="FB2_MC8_PIN63"/><macrocell id="FB2_MC9" pin="FB2_MC9_PIN64"/><macrocell id="FB2_MC10" pin="FB2_MC10_PIN1"/><macrocell id="FB2_MC11" pin="FB2_MC11_PIN2"/><macrocell id="FB2_MC12" pin="FB2_MC12_PIN4"/><macrocell id="FB2_MC13"/><macrocell id="FB2_MC14" pin="FB2_MC14_PIN5"/><macrocell id="FB2_MC15" pin="FB2_MC15_PIN6"/><macrocell id="FB2_MC16"/><macrocell id="FB2_MC17" pin="FB2_MC17_PIN7" sigUse="11" signal="IDE"><pterms pt1="FB2_17_1" pt2="FB2_17_2" pt3="FB2_17_3"/></macrocell><macrocell id="FB2_MC18"/><fbinput id="FB2_I1" signal="OpTxOpTxFX_DC46_INV137_SPECSIG"/><fbinput id="FB2_I2" signal="AS"/><fbinput id="FB2_I3" signal="DRAM_DTACK"/><fbinput id="FB2_I4" signal="ECS"/><fbinput id="FB2_I5" signal="FC0"/><fbinput id="FB2_I6" signal="FC1"/><fbinput id="FB2_I7" signal="FC2"/><fbinput id="FB2_I8" signal="R_BTN"/><fbinput id="FB2_I9" signal="I_IOCHRDY"/><fbinput id="FB2_I10" signal="a16"/><fbinput id="FB2_I11" signal="a19"/><fbinput id="FB2_I12" signal="a20"/><fbinput id="FB2_I13" signal="a21"/><fbinput id="FB2_I14" signal="a26"/><fbinput id="FB2_I15" signal="a27"/><fbinput id="FB2_I16" signal="cntr0_SPECSIG"/><fbinput id="FB2_I17" signal="cntr1_SPECSIG"/><fbinput id="FB2_I18" signal="cntr2_SPECSIG"/><fbinput id="FB2_I19" signal="cntr3_SPECSIG"/><fbinput id="FB2_I20" signal="dram_config_sel"/><pterm id="FB2_1_1"><signal id="a26" negated="ON"/><signal id="a20" negated="ON"/><signal id="a19" negated="ON"/><signal id="OpTxOpTxFX_DC46_INV137_SPECSIG" negated="ON"/></pterm><pterm id="FB2_1_2"><signal id="a26" negated="ON"/><signal id="a19"/><signal id="cntr3_SPECSIG"/><signal id="cntr2_SPECSIG"/></pterm><pterm id="FB2_1_3"><signal id="a26" negated="ON"/><signal id="cntr3_SPECSIG"/><signal id="cntr2_SPECSIG"/><signal id="a16"/></pterm><pterm id="FB2_1_4"><signal id="a27"/><signal id="cntr3_SPECSIG"/><signal id="cntr2_SPECSIG"/><signal id="dram_config_sel" negated="ON"/></pterm><pterm id="FB2_1_5"><signal id="FC2"/><signal id="FC1"/><signal id="FC0"/><signal id="OpTxOpTxFX_DC46_INV137_SPECSIG" negated="ON"/></pterm><pterm id="FB2_2_1"><signal id="R_BTN" negated="ON"/><signal id="OpTxOpTxFX_DC46_INV137_SPECSIG" negated="ON"/></pterm><pterm id="FB2_2_2"><signal id="ECS" negated="ON"/><signal id="OpTxOpTxFX_DC46_INV137_SPECSIG" negated="ON"/></pterm><pterm id="FB2_2_3"><signal id="AS"/><signal id="OpTxOpTxFX_DC46_INV137_SPECSIG" negated="ON"/></pterm><pterm id="FB2_2_4"><signal id="a26" negated="ON"/><signal id="a27"/><signal id="OpTxOpTxFX_DC46_INV137_SPECSIG" negated="ON"/></pterm><pterm id="FB2_2_5"><signal id="a26" negated="ON"/><signal id="a21"/><signal id="OpTxOpTxFX_DC46_INV137_SPECSIG" negated="ON"/></pterm><pterm id="FB2_3_1"><signal id="a26"/><signal id="a27" negated="ON"/><signal id="cntr3_SPECSIG"/><signal id="cntr2_SPECSIG"/><signal id="cntr0_SPECSIG"/><signal id="I_IOCHRDY"/></pterm><pterm id="FB2_3_2"><signal id="a26"/><signal id="a27" negated="ON"/><signal id="cntr3_SPECSIG"/><signal id="cntr2_SPECSIG"/><signal id="cntr1_SPECSIG"/><signal id="I_IOCHRDY"/></pterm><pterm id="FB2_3_3"><signal id="a26"/><signal id="a27"/><signal id="R_BTN"/><signal id="dram_config_sel"/><signal id="FC2" negated="ON"/><signal id="ECS"/><signal id="DRAM_DTACK" negated="ON"/><signal id="AS" negated="ON"/></pterm><pterm id="FB2_3_4"><signal id="a26"/><signal id="a27"/><signal id="R_BTN"/><signal id="dram_config_sel"/><signal id="FC1" negated="ON"/><signal id="ECS"/><signal id="DRAM_DTACK" negated="ON"/><signal id="AS" negated="ON"/></pterm><pterm id="FB2_3_5"><signal id="a26"/><signal id="a27"/><signal id="R_BTN"/><signal id="dram_config_sel"/><signal id="FC0" negated="ON"/><signal id="ECS"/><signal id="DRAM_DTACK" negated="ON"/><signal id="AS" negated="ON"/></pterm><pterm id="FB2_4_1"><signal id="a27" negated="ON"/><signal id="a20" negated="ON"/></pterm><pterm id="FB2_4_2"><signal id="a27" negated="ON"/><signal id="a19"/></pterm><pterm id="FB2_4_3"><signal id="a27" negated="ON"/><signal id="cntr3_SPECSIG" negated="ON"/></pterm><pterm id="FB2_4_4"><signal id="a27" negated="ON"/><signal id="cntr2_SPECSIG" negated="ON"/></pterm><pterm id="FB2_5_1"><signal id="R_BTN" negated="ON"/></pterm><pterm id="FB2_5_2"><signal id="ECS" negated="ON"/></pterm><pterm id="FB2_5_3"><signal id="AS"/></pterm><pterm id="FB2_5_4"><signal id="a26"/><signal id="a27" negated="ON"/></pterm><pterm id="FB2_5_5"><signal id="a27" negated="ON"/><signal id="a21"/></pterm><pterm id="FB2_6_1"><signal id="a27" negated="ON"/><signal id="a16"/></pterm><pterm id="FB2_6_2"><signal id="a26"/><signal id="cntr3_SPECSIG" negated="ON"/><signal id="dram_config_sel" negated="ON"/></pterm><pterm id="FB2_6_3"><signal id="a26"/><signal id="cntr2_SPECSIG" negated="ON"/><signal id="dram_config_sel" negated="ON"/></pterm><pterm id="FB2_6_4"><signal id="a26"/><signal id="dram_config_sel"/><signal id="DRAM_DTACK"/></pterm><pterm id="FB2_6_5"><signal id="FC2"/><signal id="FC1"/><signal id="FC0"/></pterm><pterm id="FB2_7_1"><signal id="a26" negated="ON"/><signal id="cntr3_SPECSIG" negated="ON"/><signal id="cntr2_SPECSIG" negated="ON"/><signal id="cntr0_SPECSIG" negated="ON"/></pterm><pterm id="FB2_7_2"><signal id="a26" negated="ON"/><signal id="cntr3_SPECSIG" negated="ON"/><signal id="cntr2_SPECSIG" negated="ON"/><signal id="cntr1_SPECSIG" negated="ON"/></pterm><pterm id="FB2_17_1"><signal id="a26" negated="ON"/><signal id="a27" negated="ON"/><signal id="a21" negated="ON"/><signal id="a20"/><signal id="a19" negated="ON"/><signal id="R_BTN"/><signal id="FC2" negated="ON"/><signal id="ECS"/><signal id="AS" negated="ON"/></pterm><pterm id="FB2_17_2"><signal id="a26" negated="ON"/><signal id="a27" negated="ON"/><signal id="a21" negated="ON"/><signal id="a20"/><signal id="a19" negated="ON"/><signal id="R_BTN"/><signal id="FC1" negated="ON"/><signal id="ECS"/><signal id="AS" negated="ON"/></pterm><pterm id="FB2_17_3"><signal id="a26" negated="ON"/><signal id="a27" negated="ON"/><signal id="a21" negated="ON"/><signal id="a20"/><signal id="a19" negated="ON"/><signal id="R_BTN"/><signal id="FC0" negated="ON"/><signal id="ECS"/><signal id="AS" negated="ON"/></pterm><equation id="DSACK0" negated="ON" userloc="60"><d2><eq_pterm ptindx="FB2_2_1"/><eq_pterm ptindx="FB2_2_2"/><eq_pterm ptindx="FB2_2_3"/><eq_pterm ptindx="FB2_2_4"/><eq_pterm ptindx="FB2_2_5"/><eq_pterm import="1" ptindx="FB2_1_1"/><eq_pterm import="1" ptindx="FB2_1_2"/><eq_pterm import="1" ptindx="FB2_1_3"/><eq_pterm import="1" ptindx="FB2_1_4"/><eq_pterm import="1" ptindx="FB2_1_5"/><eq_pterm import="1" ptindx="FB2_3_1"/><eq_pterm import="1" ptindx="FB2_3_2"/><eq_pterm import="1" ptindx="FB2_3_3"/><eq_pterm import="1" ptindx="FB2_3_4"/><eq_pterm import="1" ptindx="FB2_3_5"/></d2></equation><equation id="STERM" userloc="59"><d2><eq_pterm ptindx="VCC"/></d2></equation><equation id="DSACK1" userloc="61"><d2><eq_pterm ptindx="FB2_5_1"/><eq_pterm ptindx="FB2_5_2"/><eq_pterm ptindx="FB2_5_3"/><eq_pterm ptindx="FB2_5_4"/><eq_pterm ptindx="FB2_5_5"/><eq_pterm import="1" ptindx="FB2_4_1"/><eq_pterm import="1" ptindx="FB2_4_2"/><eq_pterm import="1" ptindx="FB2_4_3"/><eq_pterm import="1" ptindx="FB2_4_4"/><eq_pterm import="1" ptindx="FB2_6_1"/><eq_pterm import="1" ptindx="FB2_6_2"/><eq_pterm import="1" ptindx="FB2_6_3"/><eq_pterm import="1" ptindx="FB2_6_4"/><eq_pterm import="1" ptindx="FB2_6_5"/><eq_pterm import="1" ptindx="FB2_7_1"/><eq_pterm import="1" ptindx="FB2_7_2"/></d2></equation><equation id="IDE" negated="ON" userloc="7"><d2><eq_pterm ptindx="FB2_17_1"/><eq_pterm ptindx="FB2_17_2"/><eq_pterm ptindx="FB2_17_3"/></d2></equation></fblock><fblock id="FB3" inputUse="18" pinUse="14"><macrocell id="FB3_MC1" sigUse="2" signal="cntr3cntr&lt;3&gt;_RSTF__INT_SPECSIG"><pterms pt1="FB3_1_1"/></macrocell><macrocell id="FB3_MC2" pin="FB3_MC2_PIN22" sigUse="11" signal="KBD_CS"><pterms pt1="FB3_2_1" pt2="FB3_2_2" pt3="FB3_2_3"/></macrocell><macrocell id="FB3_MC3" pin="FB3_MC3_PIN31" sigUse="1" signal="cntr0_SPECSIG"><pterms pt1="FB3_3_1" pt2="FB3_3_2"/></macrocell><macrocell id="FB3_MC4" pin="FB3_MC4_PIN32" sigUse="13" signal="I_IOW"><pterms pt1="FB3_4_1" pt2="FB3_4_2" pt3="FB3_4_3" pt4="FB3_4_4" pt5="FB3_4_5"/></macrocell><macrocell id="FB3_MC5" pin="FB3_MC5_PIN24" sigUse="9" signal="I_DIR"><pterms pt1="FB3_5_1" pt2="FB3_5_2" pt3="FB3_5_3"/></macrocell><macrocell id="FB3_MC6" pin="FB3_MC6_PIN34" sigUse="4" signal="cntr3_SPECSIG"><pterms pt1="FB3_6_1" pt2="FB3_6_2"/></macrocell><macrocell id="FB3_MC7" sigUse="3" signal="cntr2_SPECSIG"><pterms pt1="FB3_7_1" pt2="FB3_7_2" pt3="FB3_7_3" pt4="FB3_7_4"/></macrocell><macrocell id="FB3_MC8" pin="FB3_MC8_PIN25" sigUse="13" signal="I_MEMW"><pterms pt1="FB3_8_1" pt2="FB3_8_2" pt3="FB3_8_3" pt4="FB3_8_4" pt5="FB3_8_5"/></macrocell><macrocell id="FB3_MC9" pin="FB3_MC9_PIN27" sigUse="13" signal="I_MEMR"><pterms pt1="FB3_9_1" pt2="FB3_9_2" pt3="FB3_9_3" pt4="FB3_9_4" pt5="FB3_9_5"/></macrocell><macrocell id="FB3_MC10" pin="FB3_MC10_PIN39" sigUse="11" signal="IO_CS"><pterms pt1="FB3_10_1" pt2="FB3_10_2" pt3="FB3_10_3" pt4="FB3_10_4" pt5="FB3_10_5"/></macrocell><macrocell id="FB3_MC11" pin="FB3_MC11_PIN33" sigUse="13" signal="I_IOR"><pterms pt1="FB3_11_1" pt2="FB3_11_2" pt3="FB3_11_3" pt4="FB3_11_4" pt5="FB3_11_5"/></macrocell><macrocell id="FB3_MC12" pin="FB3_MC12_PIN40" sigUse="11" signal="VGA_CS"><pterms pt1="FB3_12_1" pt2="FB3_12_2" pt3="FB3_12_3" pt4="FB3_12_4" pt5="FB3_12_5"/></macrocell><macrocell id="FB3_MC13" sigUse="2" signal="cntr1_SPECSIG"><pterms pt1="FB3_13_1" pt2="FB3_13_2"/></macrocell><macrocell id="FB3_MC14" pin="FB3_MC14_PIN35" sigUse="9" signal="DRAM_CONFIG"><pterms pt1="FB3_14_1" pt2="FB3_14_2" pt3="FB3_14_3" pt4="FB3_14_4"/></macrocell><macrocell id="FB3_MC15" pin="FB3_MC15_PIN36" sigUse="12" signal="I_ALE"><pterms pt1="FB3_15_1" pt2="FB3_15_2" pt3="FB3_15_3" pt4="FB3_15_4" pt5="FB3_15_5"/></macrocell><macrocell id="FB3_MC16" pin="FB3_MC16_PIN42" sigUse="9" signal="DRAM_CS"><pterms pt1="FB3_16_1" pt2="FB3_16_2" pt3="FB3_16_3"/></macrocell><macrocell id="FB3_MC17" pin="FB3_MC17_PIN38" sigUse="4" signal="OpTxOpTxFX_DC46_INV137_SPECSIG"><pterms pt1="FB3_17_1" pt2="FB3_17_2"/></macrocell><macrocell id="FB3_MC18" sigUse="10" signal="dram_config_sel"><pterms pt1="FB3_18_1" pt2="FB3_18_2" pt3="FB3_18_3" pt4="FB3_18_4" pt5="FB3_18_5"/></macrocell><fbinput id="FB3_I1" signal="AS"/><fbinput id="FB3_I2" signal="ECS"/><fbinput id="FB3_I3" signal="FC0"/><fbinput id="FB3_I4" signal="FC1"/><fbinput id="FB3_I5" signal="FC2"/><fbinput id="FB3_I6" signal="R_BTN"/><fbinput id="FB3_I7" signal="RW_N"/><fbinput id="FB3_I8" signal="a19"/><fbinput id="FB3_I9" signal="a20"/><fbinput id="FB3_I10" signal="a21"/><fbinput id="FB3_I11" signal="a26"/><fbinput id="FB3_I12" signal="a27"/><fbinput id="FB3_I13" signal="cntr0_SPECSIG"/><fbinput id="FB3_I14" signal="cntr1_SPECSIG"/><fbinput id="FB3_I15" signal="cntr2_SPECSIG"/><fbinput id="FB3_I16" signal="cntr3_SPECSIG"/><fbinput id="FB3_I17" signal="cntr3cntr&lt;3&gt;_RSTF__INT_SPECSIG"/><fbinput id="FB3_I18" signal="dram_config_sel"/><pterm id="FB3_1_1"><signal id="R_BTN"/><signal id="ECS"/></pterm><pterm id="FB3_2_1"><signal id="a26" negated="ON"/><signal id="a27" negated="ON"/><signal id="a21" negated="ON"/><signal id="a20"/><signal id="a19"/><signal id="R_BTN"/><signal id="FC2" negated="ON"/><signal id="ECS"/><signal id="AS" negated="ON"/></pterm><pterm id="FB3_2_2"><signal id="a26" negated="ON"/><signal id="a27" negated="ON"/><signal id="a21" negated="ON"/><signal id="a20"/><signal id="a19"/><signal id="R_BTN"/><signal id="FC1" negated="ON"/><signal id="ECS"/><signal id="AS" negated="ON"/></pterm><pterm id="FB3_2_3"><signal id="a26" negated="ON"/><signal id="a27" negated="ON"/><signal id="a21" negated="ON"/><signal id="a20"/><signal id="a19"/><signal id="R_BTN"/><signal id="FC0" negated="ON"/><signal id="ECS"/><signal id="AS" negated="ON"/></pterm><pterm id="FB3_3_1"><signal id="cntr3cntr&lt;3&gt;_RSTF__INT_SPECSIG" negated="ON"/></pterm><pterm id="FB3_3_2"><signal id="a26"/><signal id="a27" negated="ON"/><signal id="a21" negated="ON"/><signal id="RW_N" negated="ON"/><signal id="cntr2_SPECSIG"/><signal id="cntr1_SPECSIG"/><signal id="R_BTN"/><signal id="FC2" negated="ON"/><signal id="ECS"/><signal id="AS" negated="ON"/></pterm><pterm id="FB3_4_1"><signal id="a26"/><signal id="a27" negated="ON"/><signal id="a21" negated="ON"/><signal id="RW_N" negated="ON"/><signal id="cntr3_SPECSIG"/><signal id="R_BTN"/><signal id="FC2" negated="ON"/><signal id="ECS"/><signal id="AS" negated="ON"/></pterm><pterm id="FB3_4_2"><signal id="a26"/><signal id="a27" negated="ON"/><signal id="a21" negated="ON"/><signal id="RW_N" negated="ON"/><signal id="cntr3_SPECSIG"/><signal id="R_BTN"/><signal id="FC1" negated="ON"/><signal id="ECS"/><signal id="AS" negated="ON"/></pterm><pterm id="FB3_4_3"><signal id="a26"/><signal id="a27" negated="ON"/><signal id="a21" negated="ON"/><signal id="RW_N" negated="ON"/><signal id="cntr3_SPECSIG"/><signal id="R_BTN"/><signal id="FC0" negated="ON"/><signal id="ECS"/><signal id="AS" negated="ON"/></pterm><pterm id="FB3_4_4"><signal id="a26"/><signal id="a27" negated="ON"/><signal id="a21" negated="ON"/><signal id="RW_N" negated="ON"/><signal id="cntr2_SPECSIG"/><signal id="cntr1_SPECSIG"/><signal id="R_BTN"/><signal id="FC1" negated="ON"/><signal id="ECS"/><signal id="AS" negated="ON"/></pterm><pterm id="FB3_4_5"><signal id="a26"/><signal id="a27" negated="ON"/><signal id="a21" negated="ON"/><signal id="RW_N" negated="ON"/><signal id="cntr2_SPECSIG"/><signal id="cntr1_SPECSIG"/><signal id="R_BTN"/><signal id="FC0" negated="ON"/><signal id="ECS"/><signal id="AS" negated="ON"/></pterm><pterm id="FB3_5_1"><signal id="a26"/><signal id="a27" negated="ON"/><signal id="RW_N"/><signal id="R_BTN"/><signal id="FC2" negated="ON"/><signal id="ECS"/><signal id="AS" negated="ON"/></pterm><pterm id="FB3_5_2"><signal id="a26"/><signal id="a27" negated="ON"/><signal id="RW_N"/><signal id="R_BTN"/><signal id="FC1" negated="ON"/><signal id="ECS"/><signal id="AS" negated="ON"/></pterm><pterm id="FB3_5_3"><signal id="a26"/><signal id="a27" negated="ON"/><signal id="RW_N"/><signal id="R_BTN"/><signal id="FC0" negated="ON"/><signal id="ECS"/><signal id="AS" negated="ON"/></pterm><pterm id="FB3_6_1"><signal id="cntr2_SPECSIG"/><signal id="cntr0_SPECSIG"/><signal id="cntr1_SPECSIG"/></pterm><pterm id="FB3_6_2"><signal id="cntr3cntr&lt;3&gt;_RSTF__INT_SPECSIG" negated="ON"/></pterm><pterm id="FB3_7_1"><signal id="cntr0_SPECSIG"/><signal id="cntr1_SPECSIG"/></pterm><pterm id="FB3_7_2"><signal id="cntr3cntr&lt;3&gt;_RSTF__INT_SPECSIG" negated="ON"/></pterm><pterm id="FB3_7_3"><signal id="a26"/><signal id="a27" negated="ON"/><signal id="a21"/><signal id="RW_N" negated="ON"/><signal id="cntr2_SPECSIG"/><signal id="cntr1_SPECSIG"/><signal id="R_BTN"/><signal id="FC2" negated="ON"/><signal id="ECS"/><signal id="AS" negated="ON"/></pterm><pterm id="FB3_7_4"><signal id="a26"/><signal id="a27" negated="ON"/><signal id="a21"/><signal id="RW_N" negated="ON"/><signal id="cntr2_SPECSIG"/><signal id="cntr1_SPECSIG"/><signal id="R_BTN"/><signal id="FC1" negated="ON"/><signal id="ECS"/><signal id="AS" negated="ON"/></pterm><pterm id="FB3_8_1"><signal id="a26"/><signal id="a27" negated="ON"/><signal id="a21"/><signal id="RW_N" negated="ON"/><signal id="cntr3_SPECSIG"/><signal id="R_BTN"/><signal id="FC2" negated="ON"/><signal id="ECS"/><signal id="AS" negated="ON"/></pterm><pterm id="FB3_8_2"><signal id="a26"/><signal id="a27" negated="ON"/><signal id="a21"/><signal id="RW_N" negated="ON"/><signal id="cntr3_SPECSIG"/><signal id="R_BTN"/><signal id="FC1" negated="ON"/><signal id="ECS"/><signal id="AS" negated="ON"/></pterm><pterm id="FB3_8_3"><signal id="a26"/><signal id="a27" negated="ON"/><signal id="a21"/><signal id="RW_N" negated="ON"/><signal id="cntr3_SPECSIG"/><signal id="R_BTN"/><signal id="FC0" negated="ON"/><signal id="ECS"/><signal id="AS" negated="ON"/></pterm><pterm id="FB3_8_4"><signal id="a26"/><signal id="a27" negated="ON"/><signal id="a21"/><signal id="RW_N" negated="ON"/><signal id="cntr2_SPECSIG"/><signal id="cntr1_SPECSIG"/><signal id="R_BTN"/><signal id="FC0" negated="ON"/><signal id="ECS"/><signal id="AS" negated="ON"/></pterm><pterm id="FB3_8_5"><signal id="a26"/><signal id="a27" negated="ON"/><signal id="a21"/><signal id="RW_N"/><signal id="cntr2_SPECSIG"/><signal id="cntr1_SPECSIG"/><signal id="R_BTN"/><signal id="FC2" negated="ON"/><signal id="ECS"/><signal id="AS" negated="ON"/></pterm><pterm id="FB3_9_1"><signal id="a26"/><signal id="a27" negated="ON"/><signal id="a21"/><signal id="RW_N"/><signal id="cntr3_SPECSIG"/><signal id="R_BTN"/><signal id="FC2" negated="ON"/><signal id="ECS"/><signal id="AS" negated="ON"/></pterm><pterm id="FB3_9_2"><signal id="a26"/><signal id="a27" negated="ON"/><signal id="a21"/><signal id="RW_N"/><signal id="cntr3_SPECSIG"/><signal id="R_BTN"/><signal id="FC1" negated="ON"/><signal id="ECS"/><signal id="AS" negated="ON"/></pterm><pterm id="FB3_9_3"><signal id="a26"/><signal id="a27" negated="ON"/><signal id="a21"/><signal id="RW_N"/><signal id="cntr3_SPECSIG"/><signal id="R_BTN"/><signal id="FC0" negated="ON"/><signal id="ECS"/><signal id="AS" negated="ON"/></pterm><pterm id="FB3_9_4"><signal id="a26"/><signal id="a27" negated="ON"/><signal id="a21"/><signal id="RW_N"/><signal id="cntr2_SPECSIG"/><signal id="cntr1_SPECSIG"/><signal id="R_BTN"/><signal id="FC1" negated="ON"/><signal id="ECS"/><signal id="AS" negated="ON"/></pterm><pterm id="FB3_9_5"><signal id="a26"/><signal id="a27" negated="ON"/><signal id="a21"/><signal id="RW_N"/><signal id="cntr2_SPECSIG"/><signal id="cntr1_SPECSIG"/><signal id="R_BTN"/><signal id="FC0" negated="ON"/><signal id="ECS"/><signal id="AS" negated="ON"/></pterm><pterm id="FB3_10_1"><signal id="a26" negated="ON"/><signal id="a27" negated="ON"/><signal id="a21" negated="ON"/><signal id="a20"/><signal id="a19" negated="ON"/><signal id="R_BTN"/><signal id="FC2" negated="ON"/><signal id="ECS"/><signal id="AS" negated="ON"/></pterm><pterm id="FB3_10_2"><signal id="a26" negated="ON"/><signal id="a27" negated="ON"/><signal id="a21" negated="ON"/><signal id="a20"/><signal id="a19" negated="ON"/><signal id="R_BTN"/><signal id="FC1" negated="ON"/><signal id="ECS"/><signal id="AS" negated="ON"/></pterm><pterm id="FB3_10_3"><signal id="a26" negated="ON"/><signal id="a27" negated="ON"/><signal id="a21" negated="ON"/><signal id="a20"/><signal id="a19" negated="ON"/><signal id="R_BTN"/><signal id="FC0" negated="ON"/><signal id="ECS"/><signal id="AS" negated="ON"/></pterm><pterm id="FB3_10_4"><signal id="a26" negated="ON"/><signal id="a27" negated="ON"/><signal id="a21" negated="ON"/><signal id="a20" negated="ON"/><signal id="a19"/><signal id="R_BTN"/><signal id="FC1" negated="ON"/><signal id="ECS"/><signal id="AS" negated="ON"/></pterm><pterm id="FB3_10_5"><signal id="a26" negated="ON"/><signal id="a27" negated="ON"/><signal id="a21" negated="ON"/><signal id="a20" negated="ON"/><signal id="a19"/><signal id="R_BTN"/><signal id="FC0" negated="ON"/><signal id="ECS"/><signal id="AS" negated="ON"/></pterm><pterm id="FB3_11_1"><signal id="a26"/><signal id="a27" negated="ON"/><signal id="a21" negated="ON"/><signal id="RW_N"/><signal id="cntr3_SPECSIG"/><signal id="R_BTN"/><signal id="FC2" negated="ON"/><signal id="ECS"/><signal id="AS" negated="ON"/></pterm><pterm id="FB3_11_2"><signal id="a26"/><signal id="a27" negated="ON"/><signal id="a21" negated="ON"/><signal id="RW_N"/><signal id="cntr3_SPECSIG"/><signal id="R_BTN"/><signal id="FC1" negated="ON"/><signal id="ECS"/><signal id="AS" negated="ON"/></pterm><pterm id="FB3_11_3"><signal id="a26"/><signal id="a27" negated="ON"/><signal id="a21" negated="ON"/><signal id="RW_N"/><signal id="cntr3_SPECSIG"/><signal id="R_BTN"/><signal id="FC0" negated="ON"/><signal id="ECS"/><signal id="AS" negated="ON"/></pterm><pterm id="FB3_11_4"><signal id="a26"/><signal id="a27" negated="ON"/><signal id="a21" negated="ON"/><signal id="RW_N"/><signal id="cntr2_SPECSIG"/><signal id="cntr1_SPECSIG"/><signal id="R_BTN"/><signal id="FC0" negated="ON"/><signal id="ECS"/><signal id="AS" negated="ON"/></pterm><pterm id="FB3_11_5"><signal id="a26" negated="ON"/><signal id="a27" negated="ON"/><signal id="a21" negated="ON"/><signal id="a20" negated="ON"/><signal id="a19"/><signal id="R_BTN"/><signal id="FC2" negated="ON"/><signal id="ECS"/><signal id="AS" negated="ON"/></pterm><pterm id="FB3_12_1"><signal id="a26" negated="ON"/><signal id="a27" negated="ON"/><signal id="a21"/><signal id="a20" negated="ON"/><signal id="a19" negated="ON"/><signal id="R_BTN"/><signal id="FC2" negated="ON"/><signal id="ECS"/><signal id="AS" negated="ON"/></pterm><pterm id="FB3_12_2"><signal id="a26" negated="ON"/><signal id="a27" negated="ON"/><signal id="a21"/><signal id="a20" negated="ON"/><signal id="a19" negated="ON"/><signal id="R_BTN"/><signal id="FC1" negated="ON"/><signal id="ECS"/><signal id="AS" negated="ON"/></pterm><pterm id="FB3_12_3"><signal id="a26" negated="ON"/><signal id="a27" negated="ON"/><signal id="a21"/><signal id="a20" negated="ON"/><signal id="a19" negated="ON"/><signal id="R_BTN"/><signal id="FC0" negated="ON"/><signal id="ECS"/><signal id="AS" negated="ON"/></pterm><pterm id="FB3_12_4"><signal id="a26"/><signal id="a27" negated="ON"/><signal id="a21" negated="ON"/><signal id="RW_N"/><signal id="cntr2_SPECSIG"/><signal id="cntr1_SPECSIG"/><signal id="R_BTN"/><signal id="FC2" negated="ON"/><signal id="ECS"/><signal id="AS" negated="ON"/></pterm><pterm id="FB3_12_5"><signal id="a26"/><signal id="a27" negated="ON"/><signal id="a21" negated="ON"/><signal id="RW_N"/><signal id="cntr2_SPECSIG"/><signal id="cntr1_SPECSIG"/><signal id="R_BTN"/><signal id="FC1" negated="ON"/><signal id="ECS"/><signal id="AS" negated="ON"/></pterm><pterm id="FB3_13_1"><signal id="cntr0_SPECSIG"/></pterm><pterm id="FB3_13_2"><signal id="cntr3cntr&lt;3&gt;_RSTF__INT_SPECSIG" negated="ON"/></pterm><pterm id="FB3_14_1"><signal id="a26"/><signal id="a27"/><signal id="R_BTN"/><signal id="dram_config_sel" negated="ON"/><signal id="FC2" negated="ON"/><signal id="ECS"/><signal id="AS" negated="ON"/></pterm><pterm id="FB3_14_2"><signal id="a26"/><signal id="a27"/><signal id="R_BTN"/><signal id="dram_config_sel" negated="ON"/><signal id="FC1" negated="ON"/><signal id="ECS"/><signal id="AS" negated="ON"/></pterm><pterm id="FB3_14_3"><signal id="a26"/><signal id="a27"/><signal id="R_BTN"/><signal id="dram_config_sel" negated="ON"/><signal id="FC0" negated="ON"/><signal id="ECS"/><signal id="AS" negated="ON"/></pterm><pterm id="FB3_14_4"><signal id="a26"/><signal id="a27" negated="ON"/><signal id="cntr3_SPECSIG" negated="ON"/><signal id="cntr2_SPECSIG" negated="ON"/><signal id="cntr1_SPECSIG" negated="ON"/><signal id="R_BTN"/><signal id="FC2" negated="ON"/><signal id="ECS"/><signal id="AS" negated="ON"/></pterm><pterm id="FB3_15_1"><signal id="a26"/><signal id="a27" negated="ON"/><signal id="cntr3_SPECSIG" negated="ON"/><signal id="cntr2_SPECSIG" negated="ON"/><signal id="cntr0_SPECSIG" negated="ON"/><signal id="R_BTN"/><signal id="FC2" negated="ON"/><signal id="ECS"/><signal id="AS" negated="ON"/></pterm><pterm id="FB3_15_2"><signal id="a26"/><signal id="a27" negated="ON"/><signal id="cntr3_SPECSIG" negated="ON"/><signal id="cntr2_SPECSIG" negated="ON"/><signal id="cntr0_SPECSIG" negated="ON"/><signal id="R_BTN"/><signal id="FC1" negated="ON"/><signal id="ECS"/><signal id="AS" negated="ON"/></pterm><pterm id="FB3_15_3"><signal id="a26"/><signal id="a27" negated="ON"/><signal id="cntr3_SPECSIG" negated="ON"/><signal id="cntr2_SPECSIG" negated="ON"/><signal id="cntr0_SPECSIG" negated="ON"/><signal id="R_BTN"/><signal id="FC0" negated="ON"/><signal id="ECS"/><signal id="AS" negated="ON"/></pterm><pterm id="FB3_15_4"><signal id="a26"/><signal id="a27" negated="ON"/><signal id="cntr3_SPECSIG" negated="ON"/><signal id="cntr2_SPECSIG" negated="ON"/><signal id="cntr1_SPECSIG" negated="ON"/><signal id="R_BTN"/><signal id="FC1" negated="ON"/><signal id="ECS"/><signal id="AS" negated="ON"/></pterm><pterm id="FB3_15_5"><signal id="a26"/><signal id="a27" negated="ON"/><signal id="cntr3_SPECSIG" negated="ON"/><signal id="cntr2_SPECSIG" negated="ON"/><signal id="cntr1_SPECSIG" negated="ON"/><signal id="R_BTN"/><signal id="FC0" negated="ON"/><signal id="ECS"/><signal id="AS" negated="ON"/></pterm><pterm id="FB3_16_1"><signal id="a26"/><signal id="a27"/><signal id="R_BTN"/><signal id="dram_config_sel"/><signal id="FC2" negated="ON"/><signal id="ECS"/><signal id="AS" negated="ON"/></pterm><pterm id="FB3_16_2"><signal id="a26"/><signal id="a27"/><signal id="R_BTN"/><signal id="dram_config_sel"/><signal id="FC1" negated="ON"/><signal id="ECS"/><signal id="AS" negated="ON"/></pterm><pterm id="FB3_16_3"><signal id="a26"/><signal id="a27"/><signal id="R_BTN"/><signal id="dram_config_sel"/><signal id="FC0" negated="ON"/><signal id="ECS"/><signal id="AS" negated="ON"/></pterm><pterm id="FB3_17_1"><signal id="cntr3_SPECSIG" negated="ON"/><signal id="cntr2_SPECSIG" negated="ON"/><signal id="cntr0_SPECSIG" negated="ON"/></pterm><pterm id="FB3_17_2"><signal id="cntr3_SPECSIG" negated="ON"/><signal id="cntr2_SPECSIG" negated="ON"/><signal id="cntr1_SPECSIG" negated="ON"/></pterm><pterm id="FB3_18_1"><signal id="a26"/><signal id="a27"/><signal id="R_BTN"/><signal id="dram_config_sel" negated="ON"/><signal id="FC2" negated="ON"/><signal id="ECS"/><signal id="AS" negated="ON"/></pterm><pterm id="FB3_18_2"><signal id="a26"/><signal id="a27"/><signal id="R_BTN"/><signal id="dram_config_sel" negated="ON"/><signal id="FC1" negated="ON"/><signal id="ECS"/><signal id="AS" negated="ON"/></pterm><pterm id="FB3_18_3"><signal id="a26"/><signal id="a27"/><signal id="R_BTN"/><signal id="dram_config_sel" negated="ON"/><signal id="FC0" negated="ON"/><signal id="ECS"/><signal id="AS" negated="ON"/></pterm><pterm id="FB3_18_4"><signal id="R_BTN" negated="ON"/></pterm><pterm id="FB3_18_5"><signal id="RW_N"/></pterm><equation id="cntr3cntr&lt;3&gt;_RSTF__INT_SPECSIG"><d2><eq_pterm ptindx="FB3_1_1"/></d2></equation><equation id="KBD_CS" negated="ON" userloc="22"><d2><eq_pterm ptindx="FB3_2_1"/><eq_pterm ptindx="FB3_2_2"/><eq_pterm ptindx="FB3_2_3"/></d2></equation><equation id="cntr0_SPECSIG" regUse="T"><d2><eq_pterm ptindx="VCC"/></d2><clk negated="ON"><fastsig signal="CLK"/></clk><reset><eq_pterm ptindx="FB3_3_1"/></reset><prld ptindx="VCC"/></equation><equation id="I_IOW" negated="ON" userloc="32"><d2><eq_pterm ptindx="FB3_4_1"/><eq_pterm ptindx="FB3_4_2"/><eq_pterm ptindx="FB3_4_3"/><eq_pterm ptindx="FB3_4_4"/><eq_pterm ptindx="FB3_4_5"/><eq_pterm import="1" ptindx="FB3_3_2"/></d2></equation><equation id="I_DIR" userloc="24"><d2><eq_pterm ptindx="FB3_5_1"/><eq_pterm ptindx="FB3_5_2"/><eq_pterm ptindx="FB3_5_3"/></d2></equation><equation id="cntr3_SPECSIG" regUse="T"><d2><eq_pterm ptindx="FB3_6_1"/></d2><clk negated="ON"><fastsig signal="CLK"/></clk><reset><eq_pterm ptindx="FB3_6_2"/></reset><prld ptindx="VCC"/></equation><equation id="cntr2_SPECSIG" regUse="T"><d2><eq_pterm ptindx="FB3_7_1"/></d2><clk negated="ON"><fastsig signal="CLK"/></clk><reset><eq_pterm ptindx="FB3_7_2"/></reset><prld ptindx="VCC"/></equation><equation id="I_MEMW" negated="ON" userloc="25"><d2><eq_pterm ptindx="FB3_8_1"/><eq_pterm ptindx="FB3_8_2"/><eq_pterm ptindx="FB3_8_3"/><eq_pterm ptindx="FB3_8_4"/><eq_pterm import="1" ptindx="FB3_7_3"/><eq_pterm import="1" ptindx="FB3_7_4"/></d2></equation><equation id="I_MEMR" negated="ON" userloc="27"><d2><eq_pterm ptindx="FB3_9_1"/><eq_pterm ptindx="FB3_9_2"/><eq_pterm ptindx="FB3_9_3"/><eq_pterm ptindx="FB3_9_4"/><eq_pterm ptindx="FB3_9_5"/><eq_pterm import="1" ptindx="FB3_8_5"/></d2></equation><equation id="IO_CS" negated="ON" userloc="39"><d2><eq_pterm ptindx="FB3_10_1"/><eq_pterm ptindx="FB3_10_2"/><eq_pterm ptindx="FB3_10_3"/><eq_pterm ptindx="FB3_10_4"/><eq_pterm ptindx="FB3_10_5"/><eq_pterm import="1" ptindx="FB3_11_5"/></d2></equation><equation id="I_IOR" negated="ON" userloc="33"><d2><eq_pterm ptindx="FB3_11_1"/><eq_pterm ptindx="FB3_11_2"/><eq_pterm ptindx="FB3_11_3"/><eq_pterm ptindx="FB3_11_4"/><eq_pterm import="1" ptindx="FB3_12_4"/><eq_pterm import="1" ptindx="FB3_12_5"/></d2></equation><equation id="VGA_CS" negated="ON" userloc="40"><d2><eq_pterm ptindx="FB3_12_1"/><eq_pterm ptindx="FB3_12_2"/><eq_pterm ptindx="FB3_12_3"/></d2></equation><equation id="cntr1_SPECSIG" regUse="T"><d2><eq_pterm ptindx="FB3_13_1"/></d2><clk negated="ON"><fastsig signal="CLK"/></clk><reset><eq_pterm ptindx="FB3_13_2"/></reset><prld ptindx="VCC"/></equation><equation id="DRAM_CONFIG" negated="ON" userloc="35"><d2><eq_pterm ptindx="FB3_14_1"/><eq_pterm ptindx="FB3_14_2"/><eq_pterm ptindx="FB3_14_3"/></d2></equation><equation id="I_ALE" userloc="36"><d2><eq_pterm ptindx="FB3_15_1"/><eq_pterm ptindx="FB3_15_2"/><eq_pterm ptindx="FB3_15_3"/><eq_pterm ptindx="FB3_15_4"/><eq_pterm ptindx="FB3_15_5"/><eq_pterm import="1" ptindx="FB3_14_4"/></d2></equation><equation id="DRAM_CS" negated="ON" userloc="42"><d2><eq_pterm ptindx="FB3_16_1"/><eq_pterm ptindx="FB3_16_2"/><eq_pterm ptindx="FB3_16_3"/></d2></equation><equation id="OpTxOpTxFX_DC46_INV137_SPECSIG"><d2><eq_pterm ptindx="FB3_17_1"/><eq_pterm ptindx="FB3_17_2"/></d2></equation><equation id="dram_config_sel" regUse="T"><d2><eq_pterm ptindx="FB3_18_1"/><eq_pterm ptindx="FB3_18_2"/><eq_pterm ptindx="FB3_18_3"/></d2><clk><eq_pterm ptindx="FB3_18_5"/></clk><reset><eq_pterm ptindx="FB3_18_4"/></reset><prld ptindx="VCC"/></equation></fblock><fblock id="FB4" inputUse="17" pinUse="12"><macrocell id="FB4_MC1"/><macrocell id="FB4_MC2" pin="FB4_MC2_PIN43" sigUse="11" signal="ETHRNT"><pterms pt1="FB4_2_1" pt2="FB4_2_2" pt3="FB4_2_3"/></macrocell><macrocell id="FB4_MC3" pin="FB4_MC3_PIN46" sigUse="10" signal="RW1"><pterms pt1="FB4_3_1" pt2="FB4_3_2" pt3="FB4_3_3"/></macrocell><macrocell id="FB4_MC4" pin="FB4_MC4_PIN47" sigUse="10" signal="nRW0"><pterms pt1="FB4_4_1" pt2="FB4_4_2" pt3="FB4_4_3"/></macrocell><macrocell id="FB4_MC5" pin="FB4_MC5_PIN44" sigUse="11" signal="ROM"><pterms pt1="FB4_5_1" pt2="FB4_5_2" pt3="FB4_5_3"/></macrocell><macrocell id="FB4_MC6" pin="FB4_MC6_PIN49" sigUse="2" signal="BYTE3"><pterms pt1="FB4_6_1"/></macrocell><macrocell id="FB4_MC7"/><macrocell id="FB4_MC8" pin="FB4_MC8_PIN45" sigUse="10" signal="nRW1"><pterms pt1="FB4_8_1" pt2="FB4_8_2" pt3="FB4_8_3"/></macrocell><macrocell id="FB4_MC9"/><macrocell id="FB4_MC10" pin="FB4_MC10_PIN51" sigUse="4" signal="BYTE1"><pterms pt1="FB4_10_1" pt2="FB4_10_2" pt3="FB4_10_3"/></macrocell><macrocell id="FB4_MC11" pin="FB4_MC11_PIN48" sigUse="10" signal="RW0"><pterms pt1="FB4_11_1" pt2="FB4_11_2" pt3="FB4_11_3"/></macrocell><macrocell id="FB4_MC12" pin="FB4_MC12_PIN52" sigUse="4" signal="BYTE0"><pterms pt1="FB4_12_1" pt2="FB4_12_2" pt3="FB4_12_3" pt4="FB4_12_4"/></macrocell><macrocell id="FB4_MC13"/><macrocell id="FB4_MC14" pin="FB4_MC14_PIN50" sigUse="4" signal="BYTE2"><pterms pt1="FB4_14_1" pt2="FB4_14_2"/></macrocell><macrocell id="FB4_MC15" pin="FB4_MC15_PIN56" sigUse="1" signal="READ_n"><pterms pt1="FB4_15_1"/></macrocell><macrocell id="FB4_MC16"/><macrocell id="FB4_MC17" pin="FB4_MC17_PIN57" sigUse="4" signal="FPU"><pterms pt1="FB4_17_1"/></macrocell><macrocell id="FB4_MC18"/><fbinput id="FB4_I1" signal="AS"/><fbinput id="FB4_I2" signal="ECS"/><fbinput id="FB4_I3" signal="FC0"/><fbinput id="FB4_I4" signal="FC1"/><fbinput id="FB4_I5" signal="FC2"/><fbinput id="FB4_I6" signal="R_BTN"/><fbinput id="FB4_I7" signal="RW_N"/><fbinput id="FB4_I8" signal="SIZ0"/><fbinput id="FB4_I9" signal="SIZ1"/><fbinput id="FB4_I10" signal="a0"/><fbinput id="FB4_I11" signal="a16"/><fbinput id="FB4_I12" signal="a19"/><fbinput id="FB4_I13" signal="a1"/><fbinput id="FB4_I14" signal="a20"/><fbinput id="FB4_I15" signal="a21"/><fbinput id="FB4_I16" signal="a26"/><fbinput id="FB4_I17" signal="a27"/><pterm id="FB4_2_1"><signal id="a26" negated="ON"/><signal id="a27" negated="ON"/><signal id="a21"/><signal id="a20" negated="ON"/><signal id="a19"/><signal id="R_BTN"/><signal id="FC2" negated="ON"/><signal id="ECS"/><signal id="AS" negated="ON"/></pterm><pterm id="FB4_2_2"><signal id="a26" negated="ON"/><signal id="a27" negated="ON"/><signal id="a21"/><signal id="a20" negated="ON"/><signal id="a19"/><signal id="R_BTN"/><signal id="FC1" negated="ON"/><signal id="ECS"/><signal id="AS" negated="ON"/></pterm><pterm id="FB4_2_3"><signal id="a26" negated="ON"/><signal id="a27" negated="ON"/><signal id="a21"/><signal id="a20" negated="ON"/><signal id="a19"/><signal id="R_BTN"/><signal id="FC0" negated="ON"/><signal id="ECS"/><signal id="AS" negated="ON"/></pterm><pterm id="FB4_3_1"><signal id="a26" negated="ON"/><signal id="a27"/><signal id="a21"/><signal id="RW_N" negated="ON"/><signal id="R_BTN"/><signal id="FC2" negated="ON"/><signal id="ECS"/><signal id="AS" negated="ON"/></pterm><pterm id="FB4_3_2"><signal id="a26" negated="ON"/><signal id="a27"/><signal id="a21"/><signal id="RW_N" negated="ON"/><signal id="R_BTN"/><signal id="FC1" negated="ON"/><signal id="ECS"/><signal id="AS" negated="ON"/></pterm><pterm id="FB4_3_3"><signal id="a26" negated="ON"/><signal id="a27"/><signal id="a21"/><signal id="RW_N" negated="ON"/><signal id="R_BTN"/><signal id="FC0" negated="ON"/><signal id="ECS"/><signal id="AS" negated="ON"/></pterm><pterm id="FB4_4_1"><signal id="a26" negated="ON"/><signal id="a27"/><signal id="a21" negated="ON"/><signal id="RW_N"/><signal id="R_BTN"/><signal id="FC2" negated="ON"/><signal id="ECS"/><signal id="AS" negated="ON"/></pterm><pterm id="FB4_4_2"><signal id="a26" negated="ON"/><signal id="a27"/><signal id="a21" negated="ON"/><signal id="RW_N"/><signal id="R_BTN"/><signal id="FC1" negated="ON"/><signal id="ECS"/><signal id="AS" negated="ON"/></pterm><pterm id="FB4_4_3"><signal id="a26" negated="ON"/><signal id="a27"/><signal id="a21" negated="ON"/><signal id="RW_N"/><signal id="R_BTN"/><signal id="FC0" negated="ON"/><signal id="ECS"/><signal id="AS" negated="ON"/></pterm><pterm id="FB4_5_1"><signal id="a26" negated="ON"/><signal id="a27" negated="ON"/><signal id="a21" negated="ON"/><signal id="a20" negated="ON"/><signal id="a19" negated="ON"/><signal id="R_BTN"/><signal id="FC2" negated="ON"/><signal id="ECS"/><signal id="AS" negated="ON"/></pterm><pterm id="FB4_5_2"><signal id="a26" negated="ON"/><signal id="a27" negated="ON"/><signal id="a21" negated="ON"/><signal id="a20" negated="ON"/><signal id="a19" negated="ON"/><signal id="R_BTN"/><signal id="FC1" negated="ON"/><signal id="ECS"/><signal id="AS" negated="ON"/></pterm><pterm id="FB4_5_3"><signal id="a26" negated="ON"/><signal id="a27" negated="ON"/><signal id="a21" negated="ON"/><signal id="a20" negated="ON"/><signal id="a19" negated="ON"/><signal id="R_BTN"/><signal id="FC0" negated="ON"/><signal id="ECS"/><signal id="AS" negated="ON"/></pterm><pterm id="FB4_6_1"><signal id="a0" negated="ON"/><signal id="a1" negated="ON"/></pterm><pterm id="FB4_8_1"><signal id="a26" negated="ON"/><signal id="a27"/><signal id="a21"/><signal id="RW_N"/><signal id="R_BTN"/><signal id="FC2" negated="ON"/><signal id="ECS"/><signal id="AS" negated="ON"/></pterm><pterm id="FB4_8_2"><signal id="a26" negated="ON"/><signal id="a27"/><signal id="a21"/><signal id="RW_N"/><signal id="R_BTN"/><signal id="FC1" negated="ON"/><signal id="ECS"/><signal id="AS" negated="ON"/></pterm><pterm id="FB4_8_3"><signal id="a26" negated="ON"/><signal id="a27"/><signal id="a21"/><signal id="RW_N"/><signal id="R_BTN"/><signal id="FC0" negated="ON"/><signal id="ECS"/><signal id="AS" negated="ON"/></pterm><pterm id="FB4_10_1"><signal id="a0"/><signal id="a1"/></pterm><pterm id="FB4_10_2"><signal id="SIZ0"/><signal id="SIZ1" negated="ON"/><signal id="a1" negated="ON"/></pterm><pterm id="FB4_10_3"><signal id="SIZ0" negated="ON"/><signal id="a0" negated="ON"/><signal id="SIZ1"/><signal id="a1" negated="ON"/></pterm><pterm id="FB4_11_1"><signal id="a26" negated="ON"/><signal id="a27"/><signal id="a21" negated="ON"/><signal id="RW_N" negated="ON"/><signal id="R_BTN"/><signal id="FC2" negated="ON"/><signal id="ECS"/><signal id="AS" negated="ON"/></pterm><pterm id="FB4_11_2"><signal id="a26" negated="ON"/><signal id="a27"/><signal id="a21" negated="ON"/><signal id="RW_N" negated="ON"/><signal id="R_BTN"/><signal id="FC1" negated="ON"/><signal id="ECS"/><signal id="AS" negated="ON"/></pterm><pterm id="FB4_11_3"><signal id="a26" negated="ON"/><signal id="a27"/><signal id="a21" negated="ON"/><signal id="RW_N" negated="ON"/><signal id="R_BTN"/><signal id="FC0" negated="ON"/><signal id="ECS"/><signal id="AS" negated="ON"/></pterm><pterm id="FB4_12_1"><signal id="SIZ0"/><signal id="a0" negated="ON"/><signal id="SIZ1" negated="ON"/></pterm><pterm id="FB4_12_2"><signal id="SIZ0"/><signal id="a0" negated="ON"/><signal id="a1" negated="ON"/></pterm><pterm id="FB4_12_3"><signal id="SIZ0"/><signal id="SIZ1" negated="ON"/><signal id="a1" negated="ON"/></pterm><pterm id="FB4_12_4"><signal id="SIZ0" negated="ON"/><signal id="SIZ1"/><signal id="a1" negated="ON"/></pterm><pterm id="FB4_14_1"><signal id="a1"/></pterm><pterm id="FB4_14_2"><signal id="SIZ0"/><signal id="a0" negated="ON"/><signal id="SIZ1" negated="ON"/></pterm><pterm id="FB4_15_1"><signal id="RW_N" negated="ON"/></pterm><pterm id="FB4_17_1"><signal id="FC2"/><signal id="FC1"/><signal id="FC0"/><signal id="a16" negated="ON"/></pterm><equation id="ETHRNT" negated="ON" userloc="43"><d2><eq_pterm ptindx="FB4_2_1"/><eq_pterm ptindx="FB4_2_2"/><eq_pterm ptindx="FB4_2_3"/></d2></equation><equation id="RW1" negated="ON" userloc="46"><d2><eq_pterm ptindx="FB4_3_1"/><eq_pterm ptindx="FB4_3_2"/><eq_pterm ptindx="FB4_3_3"/></d2></equation><equation id="nRW0" negated="ON" userloc="47"><d2><eq_pterm ptindx="FB4_4_1"/><eq_pterm ptindx="FB4_4_2"/><eq_pterm ptindx="FB4_4_3"/></d2></equation><equation id="ROM" negated="ON" userloc="44"><d2><eq_pterm ptindx="FB4_5_1"/><eq_pterm ptindx="FB4_5_2"/><eq_pterm ptindx="FB4_5_3"/></d2></equation><equation id="BYTE3" negated="ON" userloc="49"><d2><eq_pterm ptindx="FB4_6_1"/></d2></equation><equation id="nRW1" negated="ON" userloc="45"><d2><eq_pterm ptindx="FB4_8_1"/><eq_pterm ptindx="FB4_8_2"/><eq_pterm ptindx="FB4_8_3"/></d2></equation><equation id="BYTE1" userloc="51"><d2><eq_pterm ptindx="FB4_10_1"/><eq_pterm ptindx="FB4_10_2"/><eq_pterm ptindx="FB4_10_3"/></d2></equation><equation id="RW0" negated="ON" userloc="48"><d2><eq_pterm ptindx="FB4_11_1"/><eq_pterm ptindx="FB4_11_2"/><eq_pterm ptindx="FB4_11_3"/></d2></equation><equation id="BYTE0" userloc="52"><d2><eq_pterm ptindx="FB4_12_1"/><eq_pterm ptindx="FB4_12_2"/><eq_pterm ptindx="FB4_12_3"/><eq_pterm ptindx="FB4_12_4"/></d2></equation><equation id="BYTE2" userloc="50"><d2><eq_pterm ptindx="FB4_14_1"/><eq_pterm ptindx="FB4_14_2"/></d2></equation><equation id="READ_n" userloc="56"><d2><eq_pterm ptindx="FB4_15_1"/></d2></equation><equation id="FPU" negated="ON" userloc="57"><d2><eq_pterm ptindx="FB4_17_1"/></d2></equation></fblock><vcc/><gnd/><messages><warning>Cpld - Unable to retrieve the path to the iSE Project Repository. Will   use the default filename of 'mux.ise'.</warning><warning>Cpld:1007 - Removing unused input(s) 'DS'.  The input(s) are unused   after optimization. Please verify functionality via simulation.</warning></messages><compOpts exhaust="OFF" gclkopt="ON" gsropt="ON" gtsopt="ON" ignorets="OFF" inputs="54" keepio="OFF" loc="ON" mlopt="ON" optimize="SPEED" part="xc9572xl-5-VQ64" power="STD" prld="HIGH" pterms="25" slew="FAST" terminate="KEEPER" unused="OFF" wysiwyg="OFF"/><specSig signal="OpTxOpTxFX_DC46_INV137_SPECSIG" value="$OpTx$$OpTx$FX_DC$46_INV$137"/><specSig signal="cntr0_SPECSIG" value="cntr&lt;0&gt;"/><specSig signal="cntr1_SPECSIG" value="cntr&lt;1&gt;"/><specSig signal="cntr2_SPECSIG" value="cntr&lt;2&gt;"/><specSig signal="cntr3_SPECSIG" value="cntr&lt;3&gt;"/><specSig signal="cntr3cntr&lt;3&gt;_RSTF__INT_SPECSIG" value="cntr&lt;3&gt;/cntr&lt;3&gt;_RSTF__$INT"/></document>
